{"cameraMode":{"drawMode":0,"name":"Shaded","section":"Shading Mode"},"sceneLighting":false,"audioPlay":false,"sceneViewState":{"m_AlwaysRefresh":false,"showFog":true,"showSkybox":false,"showFlares":true,"showImageEffects":true,"showParticleSystems":true,"showVisualEffectGraphs":true,"m_FxEnabled":true},"in2DMode":false,"pivot":{"x":16.12017250061035,"y":15.033756256103516,"z":1.7584869861602784},"rotation":{"x":0.7718298435211182,"y":-0.00498028052970767,"z":0.006104601547122002,"w":0.635848879814148},"size":1.2187390327453614,"orthographic":false}