{"cameraMode":{"drawMode":0,"name":"Shaded","section":"Shading Mode"},"sceneLighting":false,"audioPlay":false,"sceneViewState":{"m_AlwaysRefresh":false,"showFog":true,"showSkybox":false,"showFlares":true,"showImageEffects":true,"showParticleSystems":true,"showVisualEffectGraphs":true,"m_FxEnabled":true},"in2DMode":false,"pivot":{"x":-9.600088119506836,"y":-0.20505429804325105,"z":-2.2679967880249025},"rotation":{"x":-0.00873058196157217,"y":-0.8354402184486389,"z":0.013284459710121155,"w":-0.5493922829627991},"size":1.826093316078186,"orthographic":false}