{"cameraMode":{"drawMode":0,"name":"Shaded","section":"Shading Mode"},"sceneLighting":true,"audioPlay":false,"sceneViewState":{"m_AlwaysRefresh":false,"showFog":true,"showSkybox":true,"showFlares":true,"showImageEffects":true,"showParticleSystems":true,"showVisualEffectGraphs":true,"m_FxEnabled":true},"in2DMode":false,"pivot":{"x":393.61993408203127,"y":265.9886474609375,"z":10.254852294921875},"rotation":{"x":-0.0059978533536195759,"y":-0.0023920920211821796,"z":0.00001458250881114509,"w":-0.9999841451644898},"size":156.32748413085938,"orthographic":false}