{"cameraMode":{"drawMode":0,"name":"Shaded","section":"Shading Mode"},"sceneLighting":false,"audioPlay":false,"sceneViewState":{"m_AlwaysRefresh":false,"showFog":true,"showSkybox":false,"showFlares":true,"showImageEffects":true,"showParticleSystems":true,"showVisualEffectGraphs":true,"m_FxEnabled":true},"in2DMode":false,"pivot":{"x":-10.496419906616211,"y":2.3126299381256105,"z":3.0540781021118166},"rotation":{"x":-0.01886388286948204,"y":0.05936471372842789,"z":-0.0011124704033136368,"w":-0.9980815052986145},"size":3.792543411254883,"orthographic":false}