{"cameraMode":{"drawMode":0,"name":"Shaded","section":"Shading Mode"},"sceneLighting":false,"audioPlay":false,"sceneViewState":{"m_AlwaysRefresh":false,"showFog":true,"showSkybox":false,"showFlares":true,"showImageEffects":true,"showParticleSystems":true,"showVisualEffectGraphs":true,"m_FxEnabled":true},"in2DMode":false,"pivot":{"x":20.18500328063965,"y":8.541348457336426,"z":14.656128883361817},"rotation":{"x":-0.23560892045497895,"y":0.021288888528943063,"z":-0.005170486867427826,"w":-0.9716270565986633},"size":11.962333679199219,"orthographic":false}