{"cameraMode":{"drawMode":0,"name":"Shaded","section":"Shading Mode"},"sceneLighting":false,"audioPlay":false,"sceneViewState":{"m_AlwaysRefresh":false,"showFog":true,"showSkybox":false,"showFlares":true,"showImageEffects":true,"showParticleSystems":true,"showVisualEffectGraphs":true,"m_FxEnabled":true},"in2DMode":false,"pivot":{"x":1.2388209104537964,"y":3.176161050796509,"z":-2.4840219020843508},"rotation":{"x":-0.004463616758584976,"y":-0.9955106973648071,"z":0.06219801679253578,"w":-0.07150600850582123},"size":1.8055438995361329,"orthographic":false}